"Data Hora";"Batimento_FM_Passo";"Entrada_mmCa_800PT8101";"Saida_mmCa_800PT8102";"Y";"Corrente_exaustor_AIC800EXA001";"Time"
2024-05-04 12:54:06;0,2256086;-3,9481508;-3,4969335;0;0;0
2024-05-04 12:57:35;4,8419037;-295,8440509;-335,4554268;39,5984379;229,4943422;1
2024-05-04 13:01:05;3,978211;-349,6306873;-383,3674219;33,7202153;226,1209146;2
2024-05-04 13:04:34;4,3303239;-326,5696648;-362,3895164;35,8235885;215,6109297;3
2024-05-04 13:08:04;7,614029;-328,361342;-361,9322819;33,5562413;209,8102762;4
2024-05-04 13:11:33;5,9463152;-300,3330728;-337,6302424;37,282305;204,4961617;5
2024-05-04 13:15:03;4,5132811;-308,3527361;-344,4687425;36,1017516;202,5676174;6
2024-05-04 13:18:32;2,9636541;-317,1745512;-350,6182571;33,4262063;198,5925815;7
2024-05-04 13:22:02;2,8165426;-316,0286521;-350,7632532;34,7186393;195,9879895;8
2024-05-04 13:25:31;6,6203824;-294,9681256;-326,5777555;31,6155961;199,1569836;9
2024-05-04 13:29:01;4,3843167;-273,9027821;-312,0136017;38,1674395;200,2780818;10
2024-05-04 13:32:30;4,9499969;-240,3371612;-268,3346566;27,9804776;205,405237;11
2024-05-04 13:35:59;5,7188932;-218,5526045;-248,3431655;29,778627;209,5212931;12
2024-05-04 13:39:29;7,021328;-51,8244798;-67,5769003;15,7454048;9,7027788;13
2024-05-04 13:40:21;2,4514316;0;0;0;0;13
2024-05-04 14:44:04;3,4837872;-286,9863511;-323,5498359;36,5443389;225,6482056;14
2024-05-04 14:47:33;4,7471519;-292,4950537;-327,2209743;34,7067539;226,0951679;15
2024-05-04 14:51:03;7,1230057;-298,1467266;-331,6014126;33,4357732;227,4617545;16
2024-05-04 14:54:32;5,1602632;-300,5740228;-326,5344947;25,9463456;229,3646279;17
2024-05-04 14:58:02;2,9043859;-356,5872857;-378,8083648;22,2063971;226,4734054;18
2024-05-04 15:01:31;2,067236;-357,5225151;-375,9108715;18,3755251;224,4368207;19
2024-05-04 15:05:01;3,2226588;-358,0669717;-378,0183814;19,9356935;225,2854618;20
2024-05-04 15:08:30;4,5696435;-358,840705;-376,0717321;17,2179048;226,6466077;21
2024-05-04 15:11:59;5,8187438;-358,3806482;-374,0967626;15,7007453;227,1191287;22
2024-05-04 15:15:29;6,2579216;-406,2909485;-422,0179317;15,7118219;219,6155202;23
2024-05-04 15:18:58;5,2094226;-342,3313312;-363,2376784;20,8927247;212,3252172;24
2024-05-04 15:22:28;3,5099102;-318,938062;-346,8615242;27,9081813;209,4895541;25
2024-05-04 15:25:57;1,405182;-315,6281662;-350,1536193;34,5135781;206,0914913;26
2024-05-04 15:26:23;1,8897676;-301,8961089;-335,2383093;33,3281689;207,5050397;26
2024-05-04 15:29:27;7,1040646;-319,946522;-347,157642;27,1960385;205,009545;27
2024-05-04 15:32:56;4,8669713;-319,7405557;-353,1554454;33,4004499;203,5287847;28
2024-05-04 15:36:26;2,6489035;-303,4017797;-331,6919876;28,2674811;202,9255437;29
2024-05-04 15:39:55;3,2321512;-303,760767;-333,6994348;29,9205712;202,6727349;30
2024-05-04 15:43:25;6,7920688;-333,6187829;-359,6495434;26,0154884;199,7351923;31
2024-05-04 15:46:54;4,8831279;-303,5165228;-336,8183564;33,2873094;201,5877646;32
2024-05-04 15:50:23;3,1597454;-313,7083116;-340,49917;26,773527;201,7711875;33
2024-05-04 15:53:53;3,5715577;-318,6350281;-351,9793649;33,330163;199,8891524;34
2024-05-04 15:57:22;6,5926185;-315,6766634;-335,6078446;19,9144905;200,4012651;35
2024-05-04 16:00:52;3,9342916;-314,4392876;-341,164374;26,7073358;200,6223688;36
2024-05-04 16:04:21;1,4078536;-304,6083433;-329,2632512;24,6312394;200,3664004;37
2024-05-04 16:07:51;6,6368661;-321,3212518;-346,2179398;24,8830227;198,471789;38
2024-05-04 16:11:20;4,1801924;-311,9108404;-339,4501728;27,5226079;197,5314246;39
2024-05-04 16:11:46;4,7179667;-321,2045551;-345,3372783;24,117487;196,8436104;39
2024-05-04 16:14:50;1,6336385;-329,0641395;-351,4573241;22,3758635;194,4857918;40
2024-05-04 16:18:19;7,105619;-309,539009;-334,1753054;24,6213101;199,3376729;41
2024-05-04 16:21:49;4,7536072;-308,468952;-332,6503554;23,8779682;195,7049054;42
2024-05-04 16:25:18;1,9379394;-316,1660355;-339,8707286;23,6894559;192,6464665;43
2024-05-04 16:28:47;7,6116491;-306,0297731;-336,1649385;30,1217053;189,6072721;44
2024-05-04 16:32:17;5,2898619;-261,0444106;-290,9660887;29,9076734;189,0338948;45
2024-05-04 16:35:46;3,5470325;-253,7907439;-284,0195781;30,2135436;190,7316047;46
